_id,image,rate,title
5bf65c1fdc6f749dfa23e063,https://img3.doubanio.com/view/photo/s_ratio_poster/public/p2537158013.jpg,7.4,毒液：致命守护者
5bf65c1fdc6f749dfa23e064,https://img3.doubanio.com/view/photo/s_ratio_poster/public/p2539667115.jpg,暂无评分,爱在归来那一天
5bf65c1fdc6f749dfa23e065,https://img3.doubanio.com/view/photo/s_ratio_poster/public/p2539661066.jpg,8.3,无名之辈
5bf65c1fdc6f749dfa23e066,https://img3.doubanio.com/view/photo/s_ratio_poster/public/p2539424621.jpg,7.2,神奇动物：格林德沃之罪
5bf65c1fdc6f749dfa23e067,https://img1.doubanio.com/view/photo/s_ratio_poster/public/p2537694239.jpg,5.8,名侦探柯南：零的执行人
5bf65c1fdc6f749dfa23e068,https://img1.doubanio.com/view/photo/s_ratio_poster/public/p2538345957.jpg,7.1,你好，之华
5bf65c1fdc6f749dfa23e069,https://img3.doubanio.com/view/photo/s_ratio_poster/public/p2537693782.jpg,5.9,飓风奇劫
5bf65c1fdc6f749dfa23e06a,https://img3.doubanio.com/view/photo/s_ratio_poster/public/p2539170936.jpg,暂无评分,恐龙王
5bf65c1fdc6f749dfa23e06b,https://img3.doubanio.com/view/photo/s_ratio_poster/public/p2535524955.jpg,8.0,流浪猫鲍勃
5bf65c1fdc6f749dfa23e06c,https://img3.doubanio.com/view/photo/s_ratio_poster/public/p2535096871.jpg,8.2,无双
5bf65c1fdc6f749dfa23e06d,https://img3.doubanio.com/view/photo/s_ratio_poster/public/p2539255334.jpg,暂无评分,梦境之源
5bf65c1fdc6f749dfa23e06e,https://img3.doubanio.com/view/photo/s_ratio_poster/public/p2537214991.jpg,6.1,胡桃夹子和四个王国
5bf65c1fdc6f749dfa23e06f,https://img1.doubanio.com/view/photo/s_ratio_poster/public/p2539777749.jpg,暂无评分,有5个姐姐的我就注定要单身了啊！！
5bf65c1fdc6f749dfa23e070,https://img3.doubanio.com/view/photo/s_ratio_poster/public/p2535365481.jpg,7.5,嗝嗝老师
5bf65c1fdc6f749dfa23e071,https://img3.doubanio.com/view/photo/s_ratio_poster/public/p2538352472.jpg,7.0,憨豆特工3
5bf65c1fdc6f749dfa23e072,https://img3.doubanio.com/view/photo/s_ratio_poster/public/p2540039582.jpg,暂无评分,恐怖快递
5bf65c1fdc6f749dfa23e073,https://img3.doubanio.com/view/photo/s_ratio_poster/public/p2537667301.jpg,暂无评分,无敌破坏王2：大闹互联网
5bf65c1fdc6f749dfa23e074,https://img3.doubanio.com/view/photo/s_ratio_poster/public/p2538076333.jpg,暂无评分,锁
5bf65c1fdc6f749dfa23e075,https://img1.doubanio.com/view/photo/s_ratio_poster/public/p2537054509.jpg,6.9,我的冤家是条狗
5bf65c1fdc6f749dfa23e076,https://img3.doubanio.com/view/photo/s_ratio_poster/public/p2538058163.jpg,暂无评分,阴阳眼之瞳灵公馆
5bf65c1fdc6f749dfa23e077,https://img3.doubanio.com/view/photo/s_ratio_poster/public/p2537399580.jpg,5.0,铁血战士
5bf65c1fdc6f749dfa23e078,https://img3.doubanio.com/view/photo/s_ratio_poster/public/p2539192925.jpg,暂无评分,正正的世界
5bf65c1fdc6f749dfa23e079,https://img3.doubanio.com/view/photo/s_ratio_poster/public/p2539069876.jpg,暂无评分,开学悸
5bf65c1fdc6f749dfa23e07a,https://img3.doubanio.com/view/photo/s_ratio_poster/public/p2533173724.jpg,6.1,昨日青空
5bf65c1fdc6f749dfa23e07b,https://img3.doubanio.com/view/photo/s_ratio_poster/public/p2537681630.jpg,3.7,为你写诗
5bf65c1fdc6f749dfa23e07c,https://img1.doubanio.com/view/photo/s_ratio_poster/public/p2539089549.jpg,暂无评分,记忆折叠
5bf65c1fdc6f749dfa23e07d,https://img1.doubanio.com/view/photo/s_ratio_poster/public/p2534554319.jpg,暂无评分,灵魂契约
5bf65c1fdc6f749dfa23e07e,https://img3.doubanio.com/view/photo/s_ratio_poster/public/p2536557304.jpg,暂无评分,中国蓝盔
5bf65c1fdc6f749dfa23e07f,https://img3.doubanio.com/view/photo/s_ratio_poster/public/p2539105836.jpg,暂无评分,三国杀·幻
5bf65c1fdc6f749dfa23e080,https://img3.doubanio.com/view/photo/s_ratio_poster/public/p2530513100.jpg,7.4,影
5bf65c1fdc6f749dfa23e081,https://img3.doubanio.com/view/photo/s_ratio_poster/public/p2537133715.jpg,2.6,冰封侠：时空行者
5bf65c1fdc6f749dfa23e082,https://img3.doubanio.com/view/photo/s_ratio_poster/public/p2535257594.jpg,7.6,阿拉姜色
5bf65c1fdc6f749dfa23e083,https://img3.doubanio.com/view/photo/s_ratio_poster/public/p2537306831.jpg,5.6,滴答屋
5bf65c1fdc6f749dfa23e084,https://img3.doubanio.com/view/photo/s_ratio_poster/public/p2538070121.jpg,暂无评分,八仙
5bf65c1fdc6f749dfa23e085,https://img3.doubanio.com/view/photo/s_ratio_poster/public/p2215164906.jpg,7.7,智取威虎山
5bf65c1fdc6f749dfa23e086,https://img3.doubanio.com/view/photo/s_ratio_poster/public/p2533384240.jpg,5.0,李茶的姑妈
5bf90369dc6f74e08b5730d8,https://img3.doubanio.com/view/photo/s_ratio_poster/public/p2537158013.jpg,7.3,毒液：致命守护者
5bf90369dc6f74e08b5730d9,https://img3.doubanio.com/view/photo/s_ratio_poster/public/p2538384530.jpg,暂无评分,超萌特攻
5bf90369dc6f74e08b5730da,https://img3.doubanio.com/view/photo/s_ratio_poster/public/p2537667301.jpg,8.6,无敌破坏王2：大闹互联网
5bf90369dc6f74e08b5730db,https://img3.doubanio.com/view/photo/s_ratio_poster/public/p2539661066.jpg,8.3,无名之辈
5bf90369dc6f74e08b5730dc,https://img3.doubanio.com/view/photo/s_ratio_poster/public/p2538352472.jpg,6.8,憨豆特工3
5bf90369dc6f74e08b5730dd,https://img3.doubanio.com/view/photo/s_ratio_poster/public/p2539424621.jpg,7.2,神奇动物：格林德沃之罪
5bf90369dc6f74e08b5730de,https://img3.doubanio.com/view/photo/s_ratio_poster/public/p2536557304.jpg,暂无评分,中国蓝盔
5bf90369dc6f74e08b5730df,https://img1.doubanio.com/view/photo/s_ratio_poster/public/p2539946987.jpg,6.6,克隆人
5bf90369dc6f74e08b5730e0,https://img3.doubanio.com/view/photo/s_ratio_poster/public/p2540039582.jpg,暂无评分,恐怖快递
5bf90369dc6f74e08b5730e1,https://img1.doubanio.com/view/photo/s_ratio_poster/public/p2537694239.jpg,5.8,名侦探柯南：零的执行人
5bf90369dc6f74e08b5730e2,https://img3.doubanio.com/view/photo/s_ratio_poster/public/p2539170936.jpg,暂无评分,恐龙王
5bf90369dc6f74e08b5730e3,https://img3.doubanio.com/view/photo/s_ratio_poster/public/p2540297290.jpg,暂无评分,忠犬大营救
5bf90369dc6f74e08b5730e4,https://img1.doubanio.com/view/photo/s_ratio_poster/public/p2538345957.jpg,7.1,你好，之华
5bf90369dc6f74e08b5730e5,https://img3.doubanio.com/view/photo/s_ratio_poster/public/p1735642656.jpg,8.7,无敌破坏王
5bf90369dc6f74e08b5730e6,https://img3.doubanio.com/view/photo/s_ratio_poster/public/p2535096871.jpg,8.2,无双
5bf90369dc6f74e08b5730e7,https://img3.doubanio.com/view/photo/s_ratio_poster/public/p2535365481.jpg,7.5,嗝嗝老师
5bf90369dc6f74e08b5730e8,https://img3.doubanio.com/view/photo/s_ratio_poster/public/p2537693782.jpg,5.9,飓风奇劫
5bf90369dc6f74e08b5730e9,https://img3.doubanio.com/view/photo/s_ratio_poster/public/p2535285551.jpg,暂无评分,超时空大冒险
5bf90369dc6f74e08b5730ea,https://img3.doubanio.com/view/photo/s_ratio_poster/public/p2533173724.jpg,6.1,昨日青空
5bf90369dc6f74e08b5730eb,https://img3.doubanio.com/view/photo/s_ratio_poster/public/p2535524955.jpg,8.0,流浪猫鲍勃
5bf90369dc6f74e08b5730ec,https://img3.doubanio.com/view/photo/s_ratio_poster/public/p2538058163.jpg,暂无评分,阴阳眼之瞳灵公馆
5bf90369dc6f74e08b5730ed,https://img3.doubanio.com/view/photo/s_ratio_poster/public/p2537214991.jpg,6.1,胡桃夹子和四个王国
5bf90369dc6f74e08b5730ee,https://img1.doubanio.com/view/photo/s_ratio_poster/public/p2262236348.jpg,8.0,烈日灼心
5bf90369dc6f74e08b5730ef,https://img3.doubanio.com/view/photo/s_ratio_poster/public/p2537399580.jpg,5.0,铁血战士
5bf90369dc6f74e08b5730f0,https://img1.doubanio.com/view/photo/s_ratio_poster/public/p2540578109.jpg,暂无评分,暗剑
5bf90369dc6f74e08b5730f1,https://img3.doubanio.com/view/photo/s_ratio_poster/public/p2538076333.jpg,暂无评分,锁
5bf90369dc6f74e08b5730f2,https://img3.doubanio.com/view/photo/s_ratio_poster/public/p2215164906.jpg,7.7,智取威虎山
5bf90369dc6f74e08b5730f3,https://img3.doubanio.com/view/photo/s_ratio_poster/public/p2539069876.jpg,暂无评分,开学悸
5bf90369dc6f74e08b5730f4,https://img1.doubanio.com/view/photo/s_ratio_poster/public/p2534471408.jpg,7.5,找到你
5bf90369dc6f74e08b5730f5,https://img3.doubanio.com/view/photo/s_ratio_poster/public/p2539192925.jpg,暂无评分,正正的世界
5bf903fedc6f74e09f177c88,https://img3.doubanio.com/view/photo/s_ratio_poster/public/p2537158013.jpg,7.3,毒液：致命守护者
5bf903fedc6f74e09f177c89,https://img3.doubanio.com/view/photo/s_ratio_poster/public/p2538384530.jpg,暂无评分,超萌特攻
5bf903fedc6f74e09f177c8a,https://img3.doubanio.com/view/photo/s_ratio_poster/public/p2537667301.jpg,8.6,无敌破坏王2：大闹互联网
5bf903fedc6f74e09f177c8b,https://img3.doubanio.com/view/photo/s_ratio_poster/public/p2539661066.jpg,8.3,无名之辈
5bf903fedc6f74e09f177c8c,https://img3.doubanio.com/view/photo/s_ratio_poster/public/p2538352472.jpg,6.8,憨豆特工3
5bf903fedc6f74e09f177c8d,https://img3.doubanio.com/view/photo/s_ratio_poster/public/p2539424621.jpg,7.2,神奇动物：格林德沃之罪
5bf903fedc6f74e09f177c8e,https://img3.doubanio.com/view/photo/s_ratio_poster/public/p2536557304.jpg,暂无评分,中国蓝盔
5bf903fedc6f74e09f177c8f,https://img1.doubanio.com/view/photo/s_ratio_poster/public/p2539946987.jpg,6.6,克隆人
5bf903fedc6f74e09f177c90,https://img3.doubanio.com/view/photo/s_ratio_poster/public/p2540039582.jpg,暂无评分,恐怖快递
5bf903fedc6f74e09f177c91,https://img1.doubanio.com/view/photo/s_ratio_poster/public/p2537694239.jpg,5.8,名侦探柯南：零的执行人
5bf903fedc6f74e09f177c92,https://img3.doubanio.com/view/photo/s_ratio_poster/public/p2539170936.jpg,暂无评分,恐龙王
5bf903fedc6f74e09f177c93,https://img3.doubanio.com/view/photo/s_ratio_poster/public/p2540297290.jpg,暂无评分,忠犬大营救
5bf903fedc6f74e09f177c94,https://img1.doubanio.com/view/photo/s_ratio_poster/public/p2538345957.jpg,7.1,你好，之华
5bf903fedc6f74e09f177c95,https://img3.doubanio.com/view/photo/s_ratio_poster/public/p1735642656.jpg,8.7,无敌破坏王
5bf903fedc6f74e09f177c96,https://img3.doubanio.com/view/photo/s_ratio_poster/public/p2535096871.jpg,8.2,无双
5bf903fedc6f74e09f177c97,https://img3.doubanio.com/view/photo/s_ratio_poster/public/p2535365481.jpg,7.5,嗝嗝老师
5bf903fedc6f74e09f177c98,https://img3.doubanio.com/view/photo/s_ratio_poster/public/p2537693782.jpg,5.9,飓风奇劫
5bf903fedc6f74e09f177c99,https://img3.doubanio.com/view/photo/s_ratio_poster/public/p2535285551.jpg,暂无评分,超时空大冒险
5bf903fedc6f74e09f177c9a,https://img3.doubanio.com/view/photo/s_ratio_poster/public/p2533173724.jpg,6.1,昨日青空
5bf903fedc6f74e09f177c9b,https://img3.doubanio.com/view/photo/s_ratio_poster/public/p2535524955.jpg,8.0,流浪猫鲍勃
5bf903fedc6f74e09f177c9c,https://img3.doubanio.com/view/photo/s_ratio_poster/public/p2538058163.jpg,暂无评分,阴阳眼之瞳灵公馆
5bf903fedc6f74e09f177c9d,https://img3.doubanio.com/view/photo/s_ratio_poster/public/p2537214991.jpg,6.1,胡桃夹子和四个王国
5bf903fedc6f74e09f177c9e,https://img1.doubanio.com/view/photo/s_ratio_poster/public/p2262236348.jpg,8.0,烈日灼心
5bf903fedc6f74e09f177c9f,https://img3.doubanio.com/view/photo/s_ratio_poster/public/p2537399580.jpg,5.0,铁血战士
5bf903fedc6f74e09f177ca0,https://img1.doubanio.com/view/photo/s_ratio_poster/public/p2540578109.jpg,暂无评分,暗剑
5bf903fedc6f74e09f177ca1,https://img3.doubanio.com/view/photo/s_ratio_poster/public/p2538076333.jpg,暂无评分,锁
5bf903fedc6f74e09f177ca2,https://img3.doubanio.com/view/photo/s_ratio_poster/public/p2215164906.jpg,7.7,智取威虎山
5bf903fedc6f74e09f177ca3,https://img3.doubanio.com/view/photo/s_ratio_poster/public/p2539069876.jpg,暂无评分,开学悸
5bf903fedc6f74e09f177ca4,https://img1.doubanio.com/view/photo/s_ratio_poster/public/p2534471408.jpg,7.5,找到你
5bf903fedc6f74e09f177ca5,https://img3.doubanio.com/view/photo/s_ratio_poster/public/p2539192925.jpg,暂无评分,正正的世界
5bf90448dc6f74e0b3a9e8f9,https://img3.doubanio.com/view/photo/s_ratio_poster/public/p2537158013.jpg,7.3,毒液：致命守护者
5bf90448dc6f74e0b3a9e8fa,https://img3.doubanio.com/view/photo/s_ratio_poster/public/p2538384530.jpg,暂无评分,超萌特攻
5bf90448dc6f74e0b3a9e8fb,https://img3.doubanio.com/view/photo/s_ratio_poster/public/p2537667301.jpg,8.6,无敌破坏王2：大闹互联网
5bf90448dc6f74e0b3a9e8fc,https://img3.doubanio.com/view/photo/s_ratio_poster/public/p2539661066.jpg,8.3,无名之辈
5bf90448dc6f74e0b3a9e8fd,https://img3.doubanio.com/view/photo/s_ratio_poster/public/p2538352472.jpg,6.8,憨豆特工3
5bf90448dc6f74e0b3a9e8fe,https://img3.doubanio.com/view/photo/s_ratio_poster/public/p2539424621.jpg,7.2,神奇动物：格林德沃之罪
5bf90448dc6f74e0b3a9e8ff,https://img3.doubanio.com/view/photo/s_ratio_poster/public/p2536557304.jpg,暂无评分,中国蓝盔
5bf90448dc6f74e0b3a9e900,https://img1.doubanio.com/view/photo/s_ratio_poster/public/p2539946987.jpg,6.6,克隆人
5bf90448dc6f74e0b3a9e901,https://img3.doubanio.com/view/photo/s_ratio_poster/public/p2540039582.jpg,暂无评分,恐怖快递
5bf90448dc6f74e0b3a9e902,https://img1.doubanio.com/view/photo/s_ratio_poster/public/p2537694239.jpg,5.8,名侦探柯南：零的执行人
5bf90448dc6f74e0b3a9e903,https://img3.doubanio.com/view/photo/s_ratio_poster/public/p2539170936.jpg,暂无评分,恐龙王
5bf90448dc6f74e0b3a9e904,https://img3.doubanio.com/view/photo/s_ratio_poster/public/p2540297290.jpg,暂无评分,忠犬大营救
5bf90448dc6f74e0b3a9e905,https://img1.doubanio.com/view/photo/s_ratio_poster/public/p2538345957.jpg,7.1,你好，之华
5bf90448dc6f74e0b3a9e906,https://img3.doubanio.com/view/photo/s_ratio_poster/public/p1735642656.jpg,8.7,无敌破坏王
5bf90448dc6f74e0b3a9e907,https://img3.doubanio.com/view/photo/s_ratio_poster/public/p2535096871.jpg,8.2,无双
5bf90448dc6f74e0b3a9e908,https://img3.doubanio.com/view/photo/s_ratio_poster/public/p2535365481.jpg,7.5,嗝嗝老师
5bf90448dc6f74e0b3a9e909,https://img3.doubanio.com/view/photo/s_ratio_poster/public/p2537693782.jpg,5.9,飓风奇劫
5bf90448dc6f74e0b3a9e90a,https://img3.doubanio.com/view/photo/s_ratio_poster/public/p2535285551.jpg,暂无评分,超时空大冒险
5bf90448dc6f74e0b3a9e90b,https://img3.doubanio.com/view/photo/s_ratio_poster/public/p2533173724.jpg,6.1,昨日青空
5bf90448dc6f74e0b3a9e90c,https://img3.doubanio.com/view/photo/s_ratio_poster/public/p2535524955.jpg,8.0,流浪猫鲍勃
5bf90448dc6f74e0b3a9e90d,https://img3.doubanio.com/view/photo/s_ratio_poster/public/p2538058163.jpg,暂无评分,阴阳眼之瞳灵公馆
5bf90448dc6f74e0b3a9e90e,https://img3.doubanio.com/view/photo/s_ratio_poster/public/p2537214991.jpg,6.1,胡桃夹子和四个王国
5bf90448dc6f74e0b3a9e90f,https://img1.doubanio.com/view/photo/s_ratio_poster/public/p2262236348.jpg,8.0,烈日灼心
5bf90448dc6f74e0b3a9e910,https://img3.doubanio.com/view/photo/s_ratio_poster/public/p2537399580.jpg,5.0,铁血战士
5bf90448dc6f74e0b3a9e911,https://img1.doubanio.com/view/photo/s_ratio_poster/public/p2540578109.jpg,暂无评分,暗剑
5bf90448dc6f74e0b3a9e912,https://img3.doubanio.com/view/photo/s_ratio_poster/public/p2538076333.jpg,暂无评分,锁
5bf90448dc6f74e0b3a9e913,https://img3.doubanio.com/view/photo/s_ratio_poster/public/p2215164906.jpg,7.7,智取威虎山
5bf90448dc6f74e0b3a9e914,https://img3.doubanio.com/view/photo/s_ratio_poster/public/p2539069876.jpg,暂无评分,开学悸
5bf90448dc6f74e0b3a9e915,https://img1.doubanio.com/view/photo/s_ratio_poster/public/p2534471408.jpg,7.5,找到你
5bf90448dc6f74e0b3a9e916,https://img3.doubanio.com/view/photo/s_ratio_poster/public/p2539192925.jpg,暂无评分,正正的世界
